mean,std,max,min,median,variance,skewness,kurtosis,range,iqr,energy,rms,zcr,duration,mean_gradient,max_gradient,percentile_25,percentile_75,autocorr_max,spectral_centroid_mean,spectral_centroid_std,spectral_rolloff_mean,spectral_rolloff_std,spectral_bandwidth_mean,spectral_bandwidth_std,spectral_contrast_mean,spectral_contrast_std,mfcc_1_mean,mfcc_1_std,mfcc_2_mean,mfcc_2_std,mfcc_3_mean,mfcc_3_std,mfcc_4_mean,mfcc_4_std,mfcc_5_mean,mfcc_5_std,mfcc_6_mean,mfcc_6_std,mfcc_7_mean,mfcc_7_std,mfcc_8_mean,mfcc_8_std,mfcc_9_mean,mfcc_9_std,mfcc_10_mean,mfcc_10_std,mfcc_11_mean,mfcc_11_std,mfcc_12_mean,mfcc_12_std,mfcc_13_mean,mfcc_13_std,label,filename
-0.0004147326,0.400872,0.98550415,-1.0,0.0022583008,0.16069835,-0.014125615725354628,-0.9759202440323342,1.9855042,0.653076171875,3309.265,0.4008722,0.13288395579268292,0.9339229024943311,0.12558293,0.61421204,-0.326873779296875,0.326202392578125,0.92979395,4671.27737467429,266.7883892526057,8863.539086318597,170.0651047209688,3242.4830654459834,25.42714558502303,15.970702164835364,6.512707034069388,-5.045815,9.327057,-0.51980275,1.9739342,-12.39558,4.4732566,-4.7404575,2.9286315,-1.2752936,2.9223094,0.72604275,2.6950295,9.176105,2.8616707,8.935582,2.8486183,-3.5436296,3.2655475,-11.5797825,3.7529058,-8.979287,3.296041,7.312731,3.4004776,14.538976,4.494098,buka,buka_029.wav
-0.00010571299,0.48374918,0.9999695,-0.9893799,0.0022888184,0.23401327,-0.0026699472885024296,-1.0908117105618755,1.9893494,0.812957763671875,2723.9146,0.48374918,0.08353855298913043,0.527891156462585,0.10949682,0.46813965,-0.406524658203125,0.40643310546875,0.98520744,3843.0887452415886,382.9693550059263,8272.026791779892,355.32529586943303,3250.7164572307274,65.18826942458394,16.334652222981937,8.233723659592721,-60.740353,8.941737,5.768748,3.4018097,-11.494764,3.0759351,-8.422601,2.4309442,-2.7946584,2.6450083,-7.5279984,2.4952288,-4.715483,4.7344,7.0009613,2.7119737,13.180407,2.4527912,12.249846,3.5323577,3.7119606,2.8014379,-12.885987,2.8668709,-20.099775,4.019471,buka,buka_021.wav
0.0005079146,0.46788457,0.9999695,-0.9945984,0.004699707,0.21891597,-0.004229812952388796,-1.0799035642478825,1.9945679,0.784027099609375,3241.4927,0.46788487,0.10174771012931035,0.6715192743764172,0.12630613,0.5417938,-0.39215087890625,0.391876220703125,0.9788181,4125.843840380237,343.8691446602696,8467.375235721982,289.4730557549014,3229.494540942887,42.27892912708028,16.494695118234503,7.6782163213118375,-47.765713,9.96384,1.4452674,2.7056527,-13.289137,2.7068408,-6.766208,3.3033838,-4.62246,2.8608515,-5.476948,4.04322,8.233384,3.18923,15.679035,3.1450713,4.50052,3.5143638,-9.238764,3.5189724,-16.135027,4.77731,-9.292633,3.595111,11.767293,3.0566888,buka,buka_007.wav
-0.0005357639,0.45586115,0.9773865,-1.0,-0.0014648438,0.20780939,0.008318462620062184,-1.061763829643314,1.9773865,0.7581787109375,2649.9888,0.45586145,0.11255859375,0.5783219954648526,0.13575622,0.6064606,-0.38045501708984375,0.37772369384765625,0.9741537,4277.258242241692,321.1328859557615,8553.849609375,304.49685226655043,3195.07099861033,47.781228926632984,16.815959541978003,7.401485088622323,-41.0485,9.661421,-2.304035,2.9249747,-14.547245,3.448594,-3.4615552,2.910272,-0.7959472,2.0770833,0.7575701,1.8357393,11.175711,2.7236164,7.157268,3.4471881,-6.8152647,2.667315,-12.347767,2.647005,-7.395525,2.901307,8.722204,3.2151034,15.2513075,2.0331492,buka,buka_001.wav
0.00051760644,0.4797174,0.9606018,-1.0,0.0018310547,0.2301288,-0.0009639446533573251,-1.094617179474324,1.9606018,0.808837890625,3422.0195,0.47971773,0.11121419270833334,0.6743764172335601,0.1449008,0.60731506,-0.4051971435546875,0.4036407470703125,0.9869818,3992.048365937733,392.3730071985552,8214.19921875,398.547862038497,3116.037247943004,77.69752942227359,17.532885625582374,8.184282755343135,-70.55239,12.7634,-0.91804045,3.64915,-17.68027,5.198982,-5.06871,2.929639,-0.44409794,3.103935,1.3366779,2.8508954,12.750677,4.133713,5.8643355,3.6077247,-9.071844,2.6365538,-13.241052,2.6036444,-5.6683593,3.3736331,15.519238,3.922515,15.148174,3.3139322,buka,buka_016.wav
0.0015209239,0.43761453,0.9999695,-0.9946289,-0.00012207031,0.19150648,-0.00271604832725749,-1.03379427102919,1.9945984,0.7232208251953125,2285.8486,0.43761715,0.11488850911458333,0.5413151927437642,0.13075785,0.6176605,-0.36045074462890625,0.36277008056640625,0.96537954,4411.066678029815,283.5040675585308,8724.5361328125,229.35781660082617,3239.89032185116,34.4374593800225,16.65119404103838,7.116186115815571,-30.533829,10.63124,-0.044526417,2.0970168,-14.954811,3.640769,-7.161209,3.1420746,-2.4916635,2.23983,0.022538533,2.6873703,13.274811,4.019923,8.510952,2.763743,-6.3914757,3.2305417,-13.073769,3.3461404,-10.337939,3.5356727,6.9015446,3.2619257,15.031151,4.757616,buka,buka_004.wav
-0.00017779357,0.44959998,0.9674072,-1.0,-0.00012207031,0.20214014,0.00022206240504889934,-1.057614237133832,1.9674072,0.7484588623046875,3813.7788,0.4496,0.09524123733108109,0.8556462585034014,0.10909387,0.5146942,-0.3759918212890625,0.372467041015625,0.9692226,4208.430408475302,338.05153275368997,8626.375765413852,240.48988075508524,3299.8565790502425,27.242402118635933,16.022553344667262,7.470676919205373,-34.175007,7.796896,5.3927665,2.6010783,-11.459877,3.0747056,-8.818156,3.4134715,-3.7847114,2.543773,-7.6771965,3.1686816,-0.6369286,3.6451883,11.713855,3.2111897,12.896325,3.054526,8.099945,2.3497381,-1.102133,2.5439684,-16.11502,3.8620107,-15.494292,3.4054775,buka,buka_010.wav
3.5696223e-05,0.41390628,0.9569092,-1.0,-0.00015258789,0.1713184,-0.0008550340866850931,-1.0162604931423964,1.9569092,0.679718017578125,3329.5728,0.41390625,0.10118986430921052,0.88140589569161,0.102219895,0.5016022,-0.34039306640625,0.339324951171875,0.9558692,4377.7331670305875,318.4958029953604,8782.996890419408,197.43904531361707,3322.2320810855795,31.388709867485648,15.744742516751698,7.221831598437241,-23.605122,9.52773,3.971604,3.3096352,-12.189582,4.274146,-9.745232,3.4710147,-4.047091,2.5456343,-9.158067,1.9270543,-5.124729,2.447868,7.124809,4.06164,12.550946,4.5538716,8.517202,3.4171672,-1.4541149,3.1632178,-15.123119,4.2023945,-16.100302,3.182637,buka,buka_015.wav
-0.0006460165,0.43130952,0.9999695,-0.9963074,-0.0015869141,0.18602791,0.005229551108753603,-1.0297907330200593,1.9962769,0.7143707275390625,3700.2898,0.43131003,0.10919971955128205,0.9020861678004535,0.11561142,0.5460205,-0.3606109619140625,0.353759765625,0.9584754,4409.537531794056,299.8023826697377,8748.001802884615,232.48127959884675,3291.3926586515436,36.60640026677791,15.807668351891861,6.952060495521778,-21.305637,8.058108,3.1138325,2.3402205,-11.667667,3.85808,-7.0177817,2.815383,-3.2584827,3.2009292,-6.684259,4.352704,3.11166,3.049259,12.784685,3.2915096,8.479176,3.2685497,-0.43610376,2.6665955,-11.558348,3.637208,-14.28781,3.4812653,0.3141991,3.0248272,buka,buka_022.wav
6.126804e-05,0.44548467,0.9999695,-0.9911499,0.0021362305,0.19845659,-0.003858632378794914,-1.0521568438365216,1.9911194,0.7406005859375,2990.741,0.44548467,0.10231119791666667,0.6834467120181406,0.116587274,0.5238495,-0.36944580078125,0.37115478515625,0.9718072,4267.650517834881,322.60587866114594,8646.298828125,242.96816398329148,3268.1122608291416,30.583903864183192,16.343528787062365,7.15512488670697,-37.13171,9.691695,1.6667423,2.4988964,-13.371807,2.7117705,-7.554054,2.4431093,-3.07112,2.940058,-6.145843,3.7635784,4.382809,3.3807118,14.815079,3.5243897,9.601369,2.9365644,-1.8421005,2.2139864,-11.956903,2.7725737,-14.072031,3.2760875,-0.5133103,2.599296,buka,buka_018.wav
0.0002699932,0.49733457,0.9829712,-1.0,0.00030517578,0.24734166,0.0012235609155829886,-1.100428699538915,1.9829712,0.842041015625,5360.6377,0.49733466,0.08179278706395349,0.9829024943310658,0.107194126,0.45542908,-0.4205322265625,0.4215087890625,0.99062574,3640.863702035769,480.72500080016226,8011.102720748547,426.7931956327088,3200.488936555579,63.659021829128264,17.586457030531253,8.220711120854974,-76.78344,8.814312,6.764548,2.7698452,-13.4532585,4.1152,-10.072861,2.6456358,-3.502743,2.2977178,-9.981985,3.4327724,-8.2753315,4.1223803,5.9454775,2.4559758,15.18816,3.4264145,15.363447,2.8269157,10.124887,3.286805,-6.3118463,3.0159109,-23.558887,5.1878233,buka,buka_023.wav
4.5190947e-05,0.49167195,0.9999695,-0.97024536,3.0517578e-05,0.2417413,-0.005746150605684352,-1.0949558297439954,1.9702148,0.8272705078125,3018.1401,0.49167195,0.08775390625,0.5662131519274376,0.117012404,0.47885132,-0.412811279296875,0.414459228515625,0.98793095,3742.48037006296,411.0467197479686,8105.958984375,408.4198725614185,3192.82588754866,72.41753412557374,16.759801674861897,8.197994333336194,-70.41951,9.027138,6.1125154,3.3545713,-13.559493,3.3709586,-8.1907425,2.5171497,-3.4561448,2.120389,-9.033545,2.4113529,-1.2258416,2.4125252,14.115698,3.571544,16.00362,3.7255704,6.2349935,2.2852697,-7.398957,2.9162283,-20.960796,3.8050008,-13.812818,2.6298208,buka,buka_028.wav
-0.0003138722,0.5035863,0.99823,-1.0,-0.00045776367,0.25359914,-0.0003986348435833936,-1.1010378031719557,1.99823,0.85052490234375,3671.8638,0.5035864,0.08480940193965517,0.6566439909297053,0.117137134,0.4812622,-0.4232177734375,0.42730712890625,0.9923282,3604.84024390955,441.9313487361203,7905.284381734914,455.4092546428431,3154.7531535866974,81.71005041323515,16.715381929439236,8.45353644275764,-84.92056,10.895107,4.917675,3.192355,-16.503487,3.59722,-10.617425,3.1698704,-3.4763122,2.3008823,-9.618039,4.1713862,-4.334907,4.1374207,13.25154,2.2327237,17.10456,2.6124973,10.750867,3.0344799,-3.458718,3.2981234,-21.691446,3.645537,-15.870383,2.8176053,buka,buka_017.wav
-0.00031578846,0.5296697,0.9784241,-1.0,-0.00018310547,0.28055,-0.0004703895850550971,-1.1130774237791254,1.9784241,0.9001922607421875,3164.044,0.5296698,0.07852836277173914,0.5114739229024944,0.11966084,0.47166443,-0.451629638671875,0.4485626220703125,0.9972045,2986.424862499748,488.8860735065193,6692.14504076087,823.0938144781395,2890.6562102539406,173.37852886246498,17.850099782863293,9.333049018557904,-130.45398,12.199109,9.323187,3.136591,-16.487984,4.1236906,-12.42558,2.6923103,-7.714601,4.2916203,-12.22747,2.4394722,-3.673222,2.2317727,15.829303,2.740606,20.401001,2.9107127,13.4770775,3.458071,-0.92526263,3.3298535,-22.11624,3.1345367,-23.8602,4.5882907,buka,buka_020.wav
-5.7122033e-05,0.4446701,0.9999695,-0.95932007,-0.00045776367,0.19773151,0.0014176679327660207,-1.0727101016551976,1.9592896,0.7430419921875,3532.8691,0.44467014,0.11805245535714286,0.8102947845804989,0.13803938,0.60510254,-0.3719482421875,0.37109375,0.97937626,4203.412324124752,319.925460938183,8472.7001953125,318.02708023754764,3167.8192820129393,58.53558254116843,17.217766434000634,7.891046513809364,-55.623753,7.976892,-1.5185107,2.5648572,-14.267034,2.5659423,-3.015344,2.7517514,-0.42075923,2.5497148,1.4927003,2.615111,10.534169,2.5875494,2.518144,2.4236453,-10.127754,2.8446193,-11.244906,2.3046205,-1.2792084,2.3013415,13.303067,2.9528148,9.1223755,2.6095161,buka,buka_011.wav
-0.000431306,0.50310254,0.9999695,-0.98812866,-0.0004272461,0.25311214,-0.0009158810663644728,-1.0944196499175405,1.9880981,0.8490524291992188,3898.4355,0.50310266,0.09285219254032258,0.6985034013605442,0.1270559,0.5106201,-0.4241485595703125,0.42490386962890625,0.9898122,3761.3547482423646,465.8900653775609,8089.190870715725,487.62731053139197,3159.946754402169,85.98477136517944,16.867194033626344,8.317114781585246,-73.79246,12.409318,4.2600822,2.5108888,-16.030123,4.642925,-9.783501,3.3214169,-4.74335,2.8004236,-7.835307,3.1845093,3.880846,3.6962993,15.730996,3.19569,10.942912,2.3570023,-1.6889851,2.1734366,-15.125922,2.9705946,-18.773188,4.0020247,1.454569,3.189578,buka,buka_025.wav
0.00010012598,0.48407215,0.95547485,-1.0,-0.0010223389,0.23432586,0.0015120664118593416,-1.0985695571703962,1.9554749,0.8160476684570312,3413.1904,0.48407215,0.08403488685344827,0.6605895691609978,0.109645456,0.4724579,-0.40793609619140625,0.408111572265625,0.9898091,3712.94166160304,419.0092043767376,8129.897966056034,424.7043962984531,3209.3795217666047,76.0127924404367,16.512483603729432,8.378993813096123,-75.18626,9.330047,6.7434754,2.4456346,-12.802601,2.2990243,-9.942221,3.059112,-4.4462614,3.2083545,-10.909979,3.2038915,-5.8869743,2.7446153,11.159111,2.5318062,15.912363,3.0931237,10.512511,3.5901644,1.0468309,3.3940356,-15.66562,3.573709,-22.004461,4.403579,buka,buka_002.wav
4.72669e-05,0.50342876,0.98825073,-1.0,-0.004211426,0.2534405,0.002977563777015507,-1.0990974460615344,1.9882507,0.847320556640625,3577.8193,0.50342876,0.10475376674107142,0.6402267573696145,0.14386347,0.579834,-0.423004150390625,0.42431640625,0.99091345,3788.6361107167468,395.1688394102609,7994.970703125,438.9989352115587,3091.65771827737,84.74101866582787,17.637747916441157,8.402768615573201,-77.788536,9.6114025,-0.09865109,2.580208,-18.62243,4.4681683,-7.68505,2.7562137,-2.548287,2.4797888,-1.4034634,3.6208916,14.179427,1.8310031,13.477841,3.3007305,-4.5370517,2.5389042,-15.16745,3.5121143,-13.687317,2.8321643,3.843289,2.4784493,19.13909,3.851726,buka,buka_013.wav
-8.0985716e-05,0.4269061,0.91116333,-1.0,-0.000579834,0.18224883,0.002135800889324255,-1.06610576699442,1.9111633,0.714111328125,3759.6116,0.42690614,0.09913300304878049,0.9355555555555556,0.10697545,0.48564148,-0.356719970703125,0.357391357421875,0.97582674,4179.147236249482,388.6977936216672,8570.74004382622,294.24073543882486,3270.554488532673,40.90053668366108,16.288287984694417,7.388331537820059,-48.294327,10.083245,3.1851282,3.3696024,-12.222155,3.4482417,-8.611751,2.3102946,-4.6452394,2.9681756,-7.984533,2.2848818,0.8084379,2.4711406,12.377348,2.6743064,10.878555,2.2985072,2.2487695,2.8612099,-8.666164,3.41855,-16.443,4.009654,-7.346418,3.9743152,buka,buka_012.wav
0.00026817765,0.5277655,0.9903259,-1.0,-0.0010986328,0.2785364,-0.0008187366237727268,-1.1086802518177001,1.9903259,0.896270751953125,6069.0317,0.5277656,0.10865961119186046,0.9881632653061224,0.15880801,0.6116791,-0.447998046875,0.448272705078125,0.9960132,3477.8251863028368,477.25793720540946,7265.202579941861,702.7431455098117,2899.0629023954316,148.93413292836468,18.510596852192034,8.893534145192287,-112.69901,9.613045,-2.2173784,2.6168952,-21.22357,3.8839333,-4.921434,2.6197562,-0.74527234,2.1364448,1.5042057,1.9663299,15.743967,3.3875968,7.125006,3.1446476,-12.823722,2.5768356,-17.653166,2.4304135,-5.907849,2.3677008,19.748707,4.2524405,17.24876,3.6936018,buka,buka_003.wav
0.00040363905,0.507746,0.9989319,-1.0,0.001449585,0.257806,-0.0010905734916913335,-1.0978060901136466,1.9989319,0.8559722900390625,3365.4019,0.50774616,0.087890625,0.5920181405895691,0.12244443,0.5045471,-0.42690277099609375,0.42906951904296875,0.989949,3711.4564911418074,395.11262617786844,8040.166766826923,401.4336473926852,3179.9640379198017,74.19436759089048,16.763228653824996,8.603500759782115,-77.20732,9.706387,3.3705776,2.0973642,-13.481901,3.6385477,-7.257029,3.0896785,-1.8949263,3.6445985,-8.290665,2.5526216,-0.4986331,3.400073,13.383129,3.5803096,11.569549,2.9822032,3.8111293,2.418753,-8.012125,2.7248628,-17.89757,3.1704676,-8.348265,3.573361,buka,buka_024.wav
0.0003100448,0.44138265,0.9999695,-0.9513855,-0.00038146973,0.19481865,0.0015322390348234739,-1.0759696538981893,1.951355,0.7367019653320312,3156.4531,0.44138277,0.1058349609375,0.7347845804988662,0.12564193,0.54260254,-0.3664703369140625,0.37023162841796875,0.9793571,4152.687930945468,358.84933802098726,8492.829895019531,298.0866095376678,3211.457652382576,49.185170667721934,17.25236857859677,7.7707147162759656,-53.384155,9.031015,1.4294069,2.6153848,-14.425163,3.849904,-7.459029,2.188308,-2.7925653,3.9149826,-1.3487848,3.8363566,11.266512,2.776735,10.3906145,3.7175515,-3.4760392,2.8975651,-11.859745,2.7501743,-13.158789,3.4055684,1.7969046,2.888596,19.053724,3.1218545,buka,buka_027.wav
0.00017846131,0.51917124,0.9999695,-0.98986816,0.001373291,0.2695388,-0.0019321434941782004,-1.109922776552457,1.9898376,0.878448486328125,3023.4172,0.5191713,0.07619406960227272,0.5087074829931972,0.11033332,0.4416504,-0.44061279296875,0.437835693359375,0.995068,3179.0499759818795,379.04992381261053,7337.928355823864,514.9862934726673,3055.845338760348,113.13965847615825,18.923645121740186,8.66694555580772,-107.16016,10.2986145,7.940929,3.6238053,-16.005074,3.2171142,-11.185839,2.3708494,-2.639405,2.9740753,-10.245126,3.400695,-8.301517,3.7016385,9.333207,3.29796,18.582518,3.5146904,17.336578,3.6586893,10.268983,3.0130014,-8.626258,2.4844933,-26.877897,2.181733,buka,buka_008.wav
0.00028476593,0.5158402,0.9999695,-0.9810791,-0.0013122559,0.26609108,0.0009573957249199872,-1.1092807189890923,1.9810486,0.8743667602539062,5055.7324,0.51584023,0.10545590049342106,0.8616780045351474,0.15074763,0.56396484,-0.4376678466796875,0.43669891357421875,0.9949262,3523.383253837247,492.63980402741225,7439.438348067434,675.8877429790056,2953.538467994476,149.2616798371899,18.49814016443231,9.035089614992994,-108.491325,11.807306,-0.7055016,3.4419336,-18.749191,5.0477214,-4.787516,3.1947873,-1.8974268,3.9826846,0.956217,2.8564987,17.657503,3.5004494,10.648139,3.1978784,-10.2349825,2.9804657,-16.933126,2.202786,-10.954089,3.499004,12.107089,3.316938,22.145899,5.327535,buka,buka_005.wav
-0.0009906166,0.45898813,0.9812927,-1.0,-0.0016479492,0.21067011,-0.004204307201422885,-1.0767794494571372,1.9812927,0.7645263671875,3749.3135,0.4589892,0.11438337053571429,0.8071201814058957,0.14109339,0.5864563,-0.381256103515625,0.383270263671875,0.98153186,4161.581073877411,347.62408852076146,8420.4052734375,342.529493649155,3154.7870546316217,61.51014721240728,17.235402066656643,7.818993291791606,-55.976967,8.7399235,-2.1695356,3.4448812,-15.945108,3.4888399,-4.0357227,2.2458072,-0.89424384,2.4197087,4.0665708,3.2275872,16.07327,3.1277058,5.9873805,2.9755466,-10.738899,3.361248,-12.551507,3.279935,-1.5525832,2.5977793,15.883801,2.8523624,13.283024,3.8024893,buka,buka_006.wav
0.00020707346,0.45385146,0.9476929,-1.0,0.0007171631,0.20598115,-0.0008037890489001259,-1.0665598990402299,1.9476929,0.760650634765625,4179.7705,0.45385152,0.09918212890625,0.9202721088435374,0.11540004,0.5129547,-0.38201141357421875,0.37863922119140625,0.9776878,4127.979061442773,370.1615973306679,8505.076904296875,303.6864021399776,3247.3111516279446,33.73874794265665,16.60340098269552,7.4761211138264825,-45.0794,8.800709,3.6819108,3.0260055,-13.17583,3.1971703,-8.634779,2.665966,-5.4014635,3.0662365,-6.986867,3.1620965,4.214429,2.930657,15.793451,3.8831327,10.876101,3.6423452,-0.9775804,2.6404433,-11.497083,2.9027762,-17.102215,3.4058475,-2.8708527,2.5284882,buka,buka_026.wav
-0.0013029573,0.45685503,0.95166016,-1.0,-0.0017089844,0.20871653,0.0017748407219774628,-1.0674188401242914,1.9516602,0.76287841796875,3624.3918,0.45685688,0.10633042279411764,0.7875283446712018,0.12941651,0.565979,-0.382415771484375,0.380462646484375,0.97741526,4180.47246689199,325.4931365160044,8506.881893382353,279.1359822387868,3213.2426044087783,42.823859122885786,16.955193521790967,7.637529083244941,-46.810722,9.022772,-0.15452053,2.1457002,-15.735459,3.5576127,-7.25978,2.468846,-2.6204062,2.6394062,-2.57026,2.88534,10.319634,3.0206697,13.776737,3.0799785,0.12522496,2.4042165,-10.808342,2.934467,-13.654131,3.538945,-0.9356493,3.3349802,15.991671,3.751058,buka,buka_014.wav
9.841943e-05,0.46627116,0.99472046,-1.0,-0.00050354004,0.2174088,0.003959537093710248,-1.0657376150335427,1.9947205,0.7770919799804688,4249.4727,0.46627116,0.09839493189102565,0.8864399092970522,0.11687814,0.55400085,-0.3892822265625,0.38780975341796875,0.97610664,4133.74143697149,373.87705576888067,8477.18036358173,294.0529033250027,3252.2890989817874,33.59773149218297,16.41553627513261,7.504788305893563,-40.11695,10.52693,4.4063687,2.8700237,-12.271114,3.085093,-6.7810593,2.997311,-3.9662242,2.5159345,-7.5366964,3.288196,0.9545434,2.4475765,14.798308,3.916463,12.4586,3.296579,2.1244175,2.9533265,-9.1928835,2.9302585,-18.392181,4.2132645,-7.3520913,3.2339716,buka,buka_009.wav
-0.00013662223,0.4941532,0.98410034,-1.0,-0.00048828125,0.24418738,-0.0003818997499002379,-1.0939396989759347,1.9841003,0.832855224609375,4295.9893,0.49415323,0.09965122767857143,0.7978684807256236,0.1340532,0.5396271,-0.419921875,0.412933349609375,0.98848933,3845.489881945471,424.1308129168497,8152.470703125,408.0268049480782,3144.2921327228346,80.0214931875975,16.564621654650093,8.37213604521856,-72.43031,8.531618,2.0170543,1.9144739,-15.562081,3.2069042,-8.357612,3.7294981,-4.2509623,2.9597719,-3.958574,2.7185755,10.786859,3.318056,14.78156,3.6934266,1.3678296,2.4468737,-10.983956,2.8563733,-16.173561,3.8432024,-6.5055485,3.2440295,14.42619,3.7214003,buka,buka_019.wav
-0.00072786736,0.49040976,0.9999695,-0.9918518,-0.000579834,0.24050175,-0.0009486432519486288,-1.0948315048626527,1.9918213,0.8270263671875,3475.9792,0.4904103,0.08979323814655173,0.6554648526077097,0.11973335,0.4887848,-0.4140625,0.4129638671875,0.98854494,3743.0380518177076,454.4682028429701,8053.789230872845,495.1626359689772,3167.2846163922354,92.44654610652766,16.506214572551563,8.296860893423736,-76.37149,11.950675,5.251805,2.8421607,-15.373568,4.8039236,-9.692502,2.1254976,-4.874755,2.422411,-9.539152,2.7341707,-0.42779377,2.5524478,14.9416485,2.5447714,14.965066,2.92874,4.3594084,3.2384174,-10.544048,3.4001563,-21.967138,3.5690167,-6.0916953,2.6566114,buka,buka_030.wav
-0.00013742322,0.4827128,0.9999695,-0.9552002,-9.1552734e-05,0.23301165,7.653482901589876e-05,-1.0953976066463273,1.9551697,0.8121719360351562,9368.0,0.4827128,0.056232693829113924,1.8233106575963718,0.065093204,0.30288696,-0.405731201171875,0.40644073486328125,0.991117,3388.447406397587,558.0826404887092,7964.423148239715,480.6390745711377,3340.5349235802387,62.40609551249203,17.017822299785035,8.163290062972344,-80.08525,7.634535,18.42041,4.5155993,2.3096337,2.5443583,-9.996421,3.9130747,-9.434655,3.6919866,-4.0892696,2.918479,-3.9135554,2.7180078,-9.817331,2.5516725,-13.488323,3.3042212,-10.705494,2.93776,-7.379003,2.5376968,-6.129828,3.5572267,-1.8361293,3.0909185,tutup,tutup_030.wav
-0.0004903873,0.48692706,0.9975586,-1.0,-0.00036621094,0.23709796,0.0009506155812945236,-1.092241798947406,1.9975586,0.8200836181640625,8853.722,0.48692733,0.06131608518835616,1.6935147392290248,0.072887115,0.33850098,-0.41121673583984375,0.40886688232421875,0.9889752,3529.484109640281,518.2580191433167,8101.498956549657,416.058781332087,3342.681847966827,47.83876395639056,16.758743118211093,8.164214976852438,-69.5659,7.0216527,15.302393,4.5737467,-1.515368,2.3732915,-10.731652,3.1325748,-6.3132463,2.8776836,-3.027396,2.4490564,-8.783959,2.601359,-14.445906,4.0904636,-11.989811,4.341364,-5.5912943,2.647333,-1.8482614,2.870988,1.5621598,3.0234838,12.697414,2.5228076,tutup,tutup_011.wav
7.85708e-05,0.51186687,0.9999695,-0.9742737,0.0008239746,0.26200768,-0.0005792970382303751,-1.1088947198974495,1.9742432,0.866424560546875,8605.644,0.51186687,0.042457932692307694,1.4895691609977324,0.050783746,0.23551941,-0.43359375,0.432830810546875,0.99450284,2931.016242522975,651.5743709154327,7436.740159254808,659.1290064304821,3284.8817685132476,101.83371340842226,19.437897567339462,8.556750309084224,-102.60706,9.600454,27.097631,5.7550983,12.981137,2.9738264,-3.6069264,2.5341918,-11.576672,4.1853485,-11.101241,3.12019,-5.783407,2.3584046,-4.241062,2.9505446,-7.1293926,3.4793174,-12.05035,3.1551564,-14.248309,3.2636812,-9.617172,3.174104,-4.834145,2.6347764,tutup,tutup_023.wav
5.9803304e-05,0.51398367,0.9999695,-0.996521,-0.0015258789,0.2641792,-0.0012834789877102068,-1.1063815221837026,1.9964905,0.869903564453125,6335.282,0.51398367,0.05174742353723404,1.0875736961451248,0.068338685,0.3079071,-0.43505859375,0.434844970703125,0.9937995,3039.7756643650473,567.8381966795789,7464.92010887633,631.8611982842153,3228.0051324159317,114.43146471495169,17.20808895085046,8.773524761507646,-100.92154,7.832295,19.812103,4.3105083,0.2841703,3.1967213,-12.42995,3.6621704,-10.303811,3.75167,-4.2623897,3.0298421,-6.673825,2.6465752,-14.043871,2.6745553,-13.783408,3.461203,-8.220006,3.328185,-5.4777837,3.0920057,-5.9288077,2.6796942,1.7109879,2.650703,tutup,tutup_008.wav
-0.00046748063,0.47749424,0.96154785,-1.0,-0.00079345703,0.22800076,-0.0007170579802518133,-1.1020347204852525,1.9615479,0.80645751953125,7290.331,0.47749448,0.045239645337301584,1.4501133786848073,0.050269023,0.24320984,-0.4024810791015625,0.4039764404296875,0.9922884,3216.128054275621,586.1007686512482,7874.31640625,499.98288244510275,3371.174404517057,70.75920311769787,19.139719735122558,8.139553976797112,-88.808334,7.7759485,23.57363,4.5210414,10.408811,3.4528742,-5.003161,2.8707016,-10.686076,3.596162,-8.41694,3.7706535,-3.1372838,2.4797258,-3.3826737,3.0521977,-9.897479,2.5406828,-14.4200535,3.3516817,-14.247906,3.417244,-9.015525,3.2392035,-3.6496587,2.7278256,tutup,tutup_004.wav
-6.878682e-05,0.5041999,0.9814453,-1.0,0.0010375977,0.25421754,0.001043764249660384,-1.1026823614743322,1.9814453,0.8515243530273438,9485.873,0.5041999,0.05516240368150685,1.6922448979591838,0.06866102,0.3085785,-0.426239013671875,0.42528533935546875,0.9919606,3265.898553738122,559.9759628291098,7809.473325128424,498.265947439555,3301.404515643305,69.22096637073052,17.02806619763844,8.6021200857707,-85.324936,7.8061266,18.991825,5.147854,-0.09498863,2.6230729,-12.801036,3.8552206,-9.322398,3.1243684,-3.9602218,2.8862774,-6.776943,2.748474,-14.216919,2.9005733,-14.735562,2.621167,-8.308813,2.7134752,-4.6295342,2.7927842,-4.6269135,3.3873286,1.5064557,2.8130348,tutup,tutup_017.wav
-0.00012818511,0.43414766,0.9999695,-0.9685974,-0.0007324219,0.18848418,-0.0011010674593500574,-1.0510344754477596,1.9685669,0.7201385498046875,7852.8164,0.43414766,0.06743044969512195,1.8894784580498867,0.056306325,0.34033203,-0.359710693359375,0.3604278564453125,0.9689791,4054.082098929506,451.3221878371867,8671.315858422256,281.6421829709046,3506.594017313268,66.40975049631979,17.839924592843552,6.839434270869034,-31.321848,8.138245,19.354084,5.7756886,12.651028,3.4229882,1.272231,2.8088534,-6.0927043,4.0133166,-7.505525,4.2295513,-5.4212446,3.6979108,-3.4461267,3.3002129,-3.8364828,2.8900442,-6.6651435,2.993575,-9.147304,3.6345303,-10.607664,3.5514853,-8.431959,2.7050855,tutup,tutup_020.wav
0.0002827622,0.5150703,0.9937134,-1.0,0.00021362305,0.26529744,-0.00091023381034665,-1.1086420413613027,1.9937134,0.871002197265625,10393.031,0.51507044,0.05059735186688312,1.7766439909297052,0.06637721,0.3010559,-0.4350738525390625,0.4359283447265625,0.9959375,2928.7899319288963,648.4377898692276,7273.468572443182,716.9578915370162,3186.4319129182277,122.69684158982461,17.47550630781934,9.006643515618158,-109.89526,7.441183,21.848951,5.568619,2.7222948,2.6453319,-12.497438,4.0886745,-12.215326,4.5395403,-6.330253,3.0568614,-6.4363637,2.7665253,-11.559123,2.9688394,-13.712855,3.2424812,-11.206428,3.4769444,-8.64601,3.150941,-7.325988,3.1945133,-1.9716148,2.521449,tutup,tutup_007.wav
1.4424184e-05,0.45621184,0.9749756,-1.0,-0.00015258789,0.20812924,6.119405150032733e-05,-1.0789140493146996,1.9749756,0.7645645141601562,8508.323,0.45621184,0.05703125,1.853968253968254,0.057052057,0.28440857,-0.38287353515625,0.38169097900390625,0.9831312,3722.0200940412024,495.83098237040656,8376.550598144531,343.73331885597923,3451.0364743753585,51.08973448243337,18.159616997004715,7.329478244584724,-53.79189,7.885282,19.05903,5.141261,7.80688,2.924107,-4.5846543,2.9834263,-8.836785,2.8146255,-6.6486664,3.0631468,-4.065197,3.2806673,-5.2071824,3.0519767,-9.395673,3.273116,-10.87974,3.132017,-8.5809765,3.1500914,-4.838843,2.7381535,-4.952244,2.9081283,tutup,tutup_029.wav
0.00034755789,0.48793152,0.9999695,-0.9743347,0.0007019043,0.23807718,0.001028530646360218,-1.096476404120297,1.9743042,0.8230514526367188,9949.251,0.48793167,0.060826743521341466,1.8952380952380952,0.071901925,0.3252716,-0.411376953125,0.41167449951171875,0.99104565,3446.631482387107,550.8936195914732,8028.208365091464,469.092026271059,3326.372478074419,56.51578946996629,16.83503554680337,8.304538922444141,-77.224,7.85982,16.27898,4.964416,-1.7564346,2.614193,-11.095664,3.9685698,-5.656756,2.9592636,-2.342423,2.428865,-8.159703,2.5432193,-13.625082,3.0752385,-10.993776,2.6487887,-5.407379,2.5244076,-1.799801,3.4088588,2.5651822,2.8743942,14.064941,3.1030755,tutup,tutup_025.wav
0.0003102094,0.50408185,0.9878235,-1.0,0.0021362305,0.2540985,0.000528503623195237,-1.1052832606790832,1.9878235,0.852294921875,7439.245,0.50408196,0.04873551993534483,1.3277551020408163,0.056901127,0.26675415,-0.426971435546875,0.425323486328125,0.9915772,3169.783949775166,624.0514547976434,7738.216426454741,555.5910068630944,3327.583779316778,68.00125218342427,19.6736337785832,8.90356102326838,-88.514,10.57563,23.021608,6.1860256,7.897307,2.307522,-6.835269,3.4420714,-10.638092,3.2933962,-5.869584,3.0504625,-2.5567558,2.4926236,-6.0939364,2.3327954,-11.894715,3.001173,-13.762656,3.0252695,-9.399047,2.8874362,-6.067022,3.063032,-6.659,3.4739022,tutup,tutup_015.wav
-0.00050141016,0.47895825,0.99121094,-1.0,-0.002380371,0.229401,0.0013275170697537224,-1.0946825290127042,1.9912109,0.807098388671875,6447.3223,0.47895852,0.06376065340909091,1.2746031746031745,0.07702022,0.34954834,-0.403900146484375,0.4031982421875,0.98921525,3528.123418987903,489.9594576964558,8074.168146306818,401.5594915690784,3306.497332023216,56.69515932799189,18.55898430216031,8.43065023612277,-71.267,8.586911,14.881766,3.4848387,-5.708493,2.9185848,-13.234862,3.0515964,-6.651699,2.6398442,-3.0336833,2.142231,-9.42566,3.0389519,-14.189338,3.62611,-9.510547,2.7010567,-2.196011,2.5977755,2.6960115,3.1706967,12.75575,3.0048413,24.033903,3.6496203,tutup,tutup_006.wav
-0.00048484522,0.48997533,0.9999695,-0.9821472,6.1035156e-05,0.24007583,-0.00010815151808885555,-1.0941724779937214,1.9821167,0.823455810546875,7349.928,0.48997557,0.061116536458333336,1.3884353741496598,0.074623965,0.35543823,-0.4124298095703125,0.4110260009765625,0.9895061,3519.45649093844,505.01384683793725,8080.513916015625,412.94977904985717,3327.397534602896,50.99223685175179,18.557711881317378,8.680006500986615,-71.3655,8.8468685,15.167079,4.306692,-3.2294607,3.092854,-11.037528,3.8781438,-5.421658,2.6835244,-3.0966623,2.957052,-9.591372,3.166667,-14.737424,3.9571447,-10.884033,2.999227,-3.5089335,2.6147494,-1.1801674,3.0566735,4.299566,2.8094473,16.963493,3.8118036,tutup,tutup_002.wav
5.7921272e-05,0.4242189,0.97387695,-1.0,0.0028381348,0.17996168,0.0003931208450162902,-1.0259262215054226,1.973877,0.7011337280273438,5056.564,0.42421895,0.07378373579545454,1.2742857142857142,0.06318259,0.34007263,-0.35161590576171875,0.349517822265625,0.95872176,4199.987800256802,387.1148373991803,8795.138938210228,230.04616230165445,3507.1004230482376,64.19884298687005,17.400495156374255,6.264335158045769,-20.197037,7.4700503,17.750378,4.902794,9.233476,3.3534095,-3.245839,3.0257907,-7.7222304,3.5579376,-7.701834,3.2457836,-4.4607105,2.8816476,-4.1463165,2.1789362,-7.8906713,2.608433,-11.627401,2.9373853,-10.760438,2.54151,-7.8014197,2.789692,-4.99351,2.9374723,tutup,tutup_021.wav
-7.37028e-05,0.5135096,0.99679565,-1.0,0.00062561035,0.26369208,-0.0019236196706678716,-1.108676803769261,1.9967957,0.8688735961914062,6034.3296,0.5135096,0.05700954861111111,1.0378231292517006,0.074853115,0.3400421,-0.4352264404296875,0.43364715576171875,0.99366444,3195.2031908104072,552.0872591833946,7656.9677734375,546.3066425242953,3244.70488927209,88.78989948640744,18.59392866474342,8.863325293003188,-89.25289,7.8760257,18.301392,4.14654,-2.8157058,3.4320493,-12.60271,3.1025505,-8.236588,2.6350543,-4.458703,2.3363957,-7.5164394,3.0673847,-11.874297,2.876362,-11.263581,4.0110273,-5.842753,3.380765,-3.2567477,3.1520724,2.7730477,2.376162,19.070477,3.161739,tutup,tutup_001.wav
9.209929e-05,0.5006472,0.9999695,-0.9874878,0.0012817383,0.2506476,-0.00084068707519372,-1.1036333846050395,1.9874573,0.8437957763671875,9978.531,0.5006472,0.048433743990384616,1.8054875283446712,0.05722306,0.28302002,-0.4214324951171875,0.42236328125,0.99278176,3185.1686357937433,583.9015621301029,7771.829927884615,519.5761711019567,3331.561982796122,67.60406983338041,19.704978367397157,8.853130753669115,-85.452095,7.5542994,22.378025,5.5181494,6.179998,3.0534358,-8.113795,3.006231,-11.174434,3.3995123,-6.291389,2.6254373,-2.882046,2.9751241,-5.787723,2.3432317,-11.484658,3.100892,-12.796611,3.0025585,-8.350283,2.6110694,-4.705834,2.8917308,-5.786094,3.0188923,tutup,tutup_012.wav
-0.00042479072,0.48177016,0.9999695,-0.9959717,0.00012207031,0.2321025,-0.0012524347232912721,-1.0910774638483762,1.9959412,0.810333251953125,7486.008,0.48177037,0.06717354910714286,1.462721088435374,0.078310385,0.37245178,-0.404541015625,0.405792236328125,0.98554856,3703.479126531342,475.8799010862729,8276.26953125,385.3344054542683,3356.7789396999938,48.11894897949257,18.25530922601671,8.263596978455105,-60.539738,7.3010573,13.331873,4.353103,-3.1415544,2.3198843,-11.238552,3.1446643,-6.2221866,2.5523653,-3.8584862,2.8175826,-10.177502,3.0039582,-14.015608,3.8096042,-8.931562,3.3011022,-2.4621015,2.822443,2.938457,2.881627,10.709313,2.943207,21.473555,3.1660361,tutup,tutup_013.wav
-0.00034721012,0.4371554,0.9999695,-0.93621826,0.00036621094,0.19110484,0.0003838674982573822,-1.066075220776888,1.9361877,0.7284393310546875,5125.244,0.43715554,0.061965654481132074,1.216281179138322,0.0566912,0.29406738,-0.3643798828125,0.3640594482421875,0.9768858,3919.3348271224327,483.7806147310032,8572.043134581369,312.5131681532614,3485.0678408516774,50.321032553182356,17.820523542584223,6.915995880227246,-44.747787,8.70883,18.258938,5.0800443,8.240535,3.6223414,-3.9574947,3.5815094,-7.5677676,4.3757687,-6.3533936,2.9858718,-3.9181244,2.742789,-4.287545,3.322639,-7.824977,3.5036247,-11.822802,3.4172018,-9.581028,3.3212886,-5.9750447,2.8871782,-5.227973,3.3150122,tutup,tutup_019.wav
0.00051463494,0.4777886,0.9999695,-0.96313477,0.0017547607,0.22828194,0.0004989392030876754,-1.0966091503140303,1.9631042,0.8054733276367188,7447.022,0.47778887,0.0478973388671875,1.479455782312925,0.051659547,0.280365,-0.40270233154296875,0.40277099609375,0.98900276,3427.8287292315554,547.0461851461636,8103.2135009765625,417.19929843865503,3426.264867911657,44.572773364436514,18.513212170845286,7.612830682520676,-68.66491,7.5763726,23.48273,5.3433623,12.93651,3.0418108,-1.4638003,2.3412013,-10.499882,2.9691167,-9.925544,3.4739392,-5.6026225,3.20101,-3.9960341,2.6788201,-7.1175814,2.815604,-11.961435,2.747105,-12.840389,3.118197,-10.375226,3.0043716,-6.60638,3.1650646,tutup,tutup_027.wav
-0.0002229813,0.5102626,0.9999695,-0.9904175,-0.0019073486,0.2603679,-0.0006864394882796185,-1.1051753644407567,1.990387,0.8645172119140625,7790.2085,0.5102626,0.0555813029661017,1.3569160997732426,0.07083068,0.31600952,-0.4335784912109375,0.430938720703125,0.99418,3179.604770064145,587.8678734971045,7664.360434322034,579.9634213066859,3260.5106884436673,88.18436528126774,17.008330488145962,8.555320579418378,-91.69372,8.367003,19.46639,4.3391805,-1.4817216,2.9784038,-14.094689,3.8906147,-9.6696005,3.356814,-3.1067667,3.1639385,-6.8090987,2.5950956,-14.949601,3.4601586,-15.059299,3.5764697,-8.374922,2.7620223,-3.9239953,2.898994,-1.9323835,2.7057095,7.9967637,2.245749,tutup,tutup_016.wav
8.722835e-05,0.490909,0.9847412,-1.0,0.00090026855,0.24099167,-0.0016595488399562123,-1.0990869071398481,1.9847412,0.8294219970703125,7625.9404,0.490909,0.05174993699596774,1.4351020408163266,0.060960572,0.3060913,-0.41477203369140625,0.41464996337890625,0.9911187,3348.273680907695,533.5539750300442,7974.925970262097,457.12122138532555,3362.145605393999,56.81561479957432,17.262922582687008,7.8690434755122665,-74.90737,7.8815126,22.417051,4.959312,5.546024,2.9809146,-9.728489,4.2052164,-11.375524,2.6584864,-5.364717,2.5377734,-4.674741,2.5911987,-10.010701,2.697452,-13.883315,3.2101328,-11.040042,3.0428843,-6.760342,3.1719577,-5.699063,2.6223009,-7.958723,2.5140245,tutup,tutup_018.wav
-0.0001545531,0.4668756,0.9885254,-1.0,0.00035095215,0.21797284,0.0013035580157188184,-1.0772061486838238,1.9885254,0.7812423706054688,9311.8,0.4668756,0.0750151134672619,1.9374149659863946,0.08144548,0.3972931,-0.390869140625,0.39037322998046875,0.98100466,3877.1654934004314,472.6861646671575,8408.203125,333.08133966424924,3358.6769189520182,43.04768339690107,17.85798256117676,7.679667705782067,-49.096416,8.098835,11.748287,4.14647,-3.5589385,3.6310258,-8.563558,4.7437925,-4.38691,3.081419,-5.267665,2.422815,-12.1773405,3.8576188,-13.235734,3.6550205,-5.467095,2.5771136,2.6617558,2.8474288,7.6733375,3.077891,14.953728,3.1830633,19.669062,4.4940834,tutup,tutup_028.wav
0.00049140083,0.5026466,0.98876953,-1.0,0.0012512207,0.25265366,-0.000448444674126319,-1.1009966086839447,1.9887695,0.84661865234375,5684.7124,0.50264686,0.06236683238636364,1.0204081632653061,0.08225801,0.38464355,-0.42382049560546875,0.42279815673828125,0.9915275,3421.994484173097,465.6820458845734,7930.825528231534,422.5881195096881,3280.597475393793,61.755362331634835,18.667155453130764,8.865032697406816,-78.3648,8.409588,15.031591,3.2591121,-3.947203,3.4064796,-12.13688,3.45289,-5.4222274,2.723903,-4.057885,2.184088,-12.191089,3.1923633,-14.878602,3.3229601,-8.790516,3.0418005,0.91750014,2.6184049,6.9459386,2.6154408,16.850151,3.3627536,24.345549,4.1586595,tutup,tutup_022.wav
1.9536588e-05,0.42999586,0.9999695,-0.95532227,-0.00024414062,0.18489645,-0.0010470337106912805,-1.050465085038812,1.9552917,0.715118408203125,7144.5835,0.42999586,0.08302708675986842,1.7524263038548753,0.07947432,0.41757202,-0.358642578125,0.356475830078125,0.9671704,4181.656388597301,385.83382025208573,8685.105815686678,235.68639846847526,3399.4448912921107,47.870675269937855,17.589691503948117,7.426655725313512,-31.79232,7.246505,10.743364,3.611312,-3.2773962,3.104521,-8.913024,3.0454266,-4.5009127,2.321614,-3.3377073,2.8942206,-8.490875,3.1697505,-11.169432,3.6888466,-6.1463685,2.9550943,-0.28925207,2.7521617,5.1362834,2.6221626,14.258272,2.6890407,19.914381,4.3798566,tutup,tutup_010.wav
0.00019734258,0.46797565,0.98376465,-1.0,0.0024414062,0.21900122,-0.0018200582873507342,-1.0803394509462552,1.9837646,0.782073974609375,5648.699,0.4679757,0.06909658394607843,1.169750566893424,0.079737544,0.3750763,-0.3905029296875,0.391571044921875,0.98248035,3845.190654074782,450.84834512517165,8420.326861213236,295.81633270507507,3375.525360651088,39.43802867038876,17.767889543868908,7.9337970413728405,-51.9382,9.747118,12.905024,4.0648108,-5.1517425,2.9959085,-12.373004,3.9965339,-3.7271826,2.9083946,-1.8766942,2.5143375,-10.7323475,2.7255294,-13.954831,4.1503496,-7.1913376,2.9603913,0.21525018,2.1769123,6.3936086,2.7512114,14.416428,2.3143349,21.98109,2.9913785,tutup,tutup_009.wav
3.7109152e-05,0.5180503,0.9999695,-0.990448,0.000869751,0.26837614,0.0001761618636377495,-1.1104732892742972,1.9904175,0.8787765502929688,10937.938,0.5180503,0.060662841796875,1.8483446712018141,0.082371406,0.355896,-0.43935394287109375,0.439422607421875,0.9952676,3020.4905317447706,597.9371640520164,7265.0335693359375,703.05779391254,3129.941441101654,132.71772501485688,19.452190746995093,9.465859530172422,-112.55674,7.3116307,16.180573,3.8880863,-6.3464766,4.006345,-13.5141115,4.083936,-4.9351144,3.278971,-2.746613,2.6995432,-10.742531,2.634836,-14.989914,3.2885258,-9.182838,2.8700736,-1.0179094,2.9252758,6.090316,2.6245093,17.736359,3.2103717,26.766626,4.229516,tutup,tutup_014.wav
-0.000111719506,0.5196074,0.98843384,-1.0,-0.0019226074,0.2699919,0.0004269411451080448,-1.1078867143679973,1.9884338,0.881805419921875,11353.698,0.5196074,0.03912132906626506,1.9071201814058958,0.048813384,0.22724915,-0.440521240234375,0.4412841796875,0.9961756,2818.629438334107,678.0424902438745,7258.635224491717,733.8002561705486,3248.567234887585,124.57773261037966,19.3915477749158,8.411824070187194,-109.19659,9.332415,26.419748,6.220039,14.336914,3.5533237,-0.54147935,3.020512,-9.386853,3.432222,-9.619322,3.0358367,-4.7448044,3.1641421,-2.5000403,2.5563445,-5.9292407,2.9549835,-12.512671,3.3122165,-16.500887,3.4754043,-14.343297,3.4434566,-9.581763,2.8855026,tutup,tutup_024.wav
-0.00018825653,0.49500865,0.99209595,-1.0,-0.0009765625,0.24503356,-0.0009537148009433654,-1.0984676596248855,1.992096,0.8363494873046875,6444.1396,0.49500874,0.047898512620192304,1.1926984126984126,0.055835623,0.2613678,-0.4177093505859375,0.41864013671875,0.99172676,3282.845121186256,597.7267775309739,7906.826547475962,508.2463797501342,3370.390696244331,65.99570434266323,18.924301762278397,8.003533863431255,-80.613655,9.4914255,23.242666,5.6974397,9.584099,2.9837642,-6.9118695,3.0971391,-12.186945,3.7829707,-6.840844,2.0428896,-3.2365015,2.808623,-6.895425,2.4511316,-11.953073,2.371675,-13.941033,3.3063197,-10.571457,2.6666932,-6.1549487,2.802803,-6.122035,2.9066389,tutup,tutup_026.wav
-0.000325718,0.44464806,0.922699,-1.0,-0.0002746582,0.1977119,-0.002818286248197687,-1.0885928702640686,1.922699,0.7458038330078125,8639.817,0.4446482,0.06866029251453488,1.9818140589569162,0.072701454,0.34872437,-0.3725738525390625,0.37322998046875,0.98367774,3765.584076564471,509.0941349462144,8334.851925872093,367.18638848307194,3362.6697145347025,43.88343424336966,18.078079115478786,8.229731320697955,-65.29552,7.5609756,13.421256,4.334783,-3.9868214,3.622948,-11.355476,3.464366,-5.0137258,2.6303325,-2.6060398,2.1261785,-9.714147,2.4587586,-13.6512165,3.138888,-8.263909,3.0192986,-2.4535737,2.6174462,2.3064163,2.7361612,11.30445,2.6482894,21.62658,4.8700953,tutup,tutup_003.wav
-0.00012085865,0.5261664,0.9999695,-0.99884033,0.00015258789,0.2768511,-0.0008572234061541273,-1.110673195078997,1.9988098,0.8917694091796875,12153.762,0.5261664,0.05274005268895349,1.9909297052154196,0.072448514,0.31777954,-0.44603729248046875,0.44573211669921875,0.9956414,2834.8846885960897,629.1148143657979,7038.227595839389,784.786048515916,3121.0479910876034,146.31489380265435,17.61382923533498,9.091653213128675,-116.64057,7.8383656,21.478312,4.590551,0.060252544,2.918036,-13.456849,3.7233384,-10.531551,3.6034977,-5.0113335,2.6749368,-8.093441,2.3587053,-14.865052,2.7172472,-14.111828,3.3494534,-9.475864,3.3784304,-5.492188,2.8104799,-0.89965826,2.763792,11.864563,2.848532,tutup,tutup_005.wav
